{"cameraMode":{"drawMode":0,"name":"Shaded","section":"Shading Mode"},"sceneLighting":true,"audioPlay":false,"sceneViewState":{"showFog":true,"showMaterialUpdate":false,"showSkybox":true,"showFlares":true,"showImageEffects":true,"showParticleSystems":true},"in2DMode":false,"pivot":{"x":2.5899999141693117,"y":1.050033688545227,"z":100.23999786376953},"rotation":{"x":0.0952722355723381,"y":0.8974288702011108,"z":-0.23825505375862122,"w":0.3588588237762451},"size":900.2074584960938,"orthographic":false}